<?xml version="1.0"?>
<config xmlns:xsi="http://www.w3.org/2001/XMLSchema-instance" xsi:noNamespaceSchemaLocation="urn:magento:framework:Acl/etc/acl.xsd">
    <acl>
        <resources>
            <resource id="Magento_Backend::admin">
                <resource id="Magento_Backend::content">
                    <resource id="Rising5th_ReviewCarousel::google_reviews" title="Google Reviews" sortOrder="10">
                        <resource id="Rising5th_ReviewCarousel::carousel" title="Review Carousels" sortOrder="10"/>
                        <resource id="Rising5th_ReviewCarousel::carousel_upload" title="Upload CSV" sortOrder="20"/>
                        <resource id="Rising5th_ReviewCarousel::carousel_managecsv" title="Manage CSV" sortOrder="30"/>
                    </resource>
                </resource>
            </resource>
        </resources>
    </acl>
</config>
